ISSN,Category,Title,ranking10,ranking09,short Title,Economics
1832-5912,ACCOUNT,Journal of Accounting and Organizational Change,1,1, ,0
1744-9480,ACCOUNT,Accounting in Europe,1,1, ,0
1740-8008,ACCOUNT,International Journal of Accounting Auditing and Performance Evaluation (IJAAPE),1,0, ,0
1542-6297,ACCOUNT,Journal of International Accounting Research,2,2, ,0
1467-0895,ACCOUNT,International Journal of Accounting Information Systems,1,1, ,0
1380-6653,ACCOUNT,Review of Accounting Studies,4,4,REV ACCOUNT STUD,0
1090-6738,ACCOUNT,International Journal of Auditing,2,2, ,0
1061-9518,ACCOUNT,"Journal of International Accounting, Auditing and Taxation",2,2, ,0
1050-4753,ACCOUNT,Behavioral Research in Accounting,3,3, ,0
1049-2127,ACCOUNT,Journal of Management Accounting Research (AAA),2,2, ,0
1045-2354,ACCOUNT,Critical Perspectives on Accounting,3,3, ,0
1044-5005,ACCOUNT,Management Accounting Research,3,3, ,0
0967-5426,ACCOUNT,Journal of Applied Accounting Research,2,2, ,0
0963-8180,ACCOUNT,European Accounting Review,3,3,EUR ACCOUNT REV,0
0951-3574,ACCOUNT,"Accounting, Auditing and Accountability Journal",3,3, ,0
0897-3660,ACCOUNT,Advances in International Accounting,2,2, ,0
0890-8389,ACCOUNT,British Accounting Review,3,3, ,0
0888-7993,ACCOUNT,Accounting Horizons,3,3, ,0
0823-9150,ACCOUNT,Contemporary Accounting Research,3,3,CONTEMP ACCOUNT RES,0
0810-5391,ACCOUNT,Accounting and Finance,2,2, ,0
0737-4607,ACCOUNT,Journal of Accounting Literature,3,3, ,0
0361-3682,ACCOUNT,"Accounting, Organizations and Society ",5,5,ACCOUNT ORG SOC,0
0278-4254,ACCOUNT,Journal of Accounting and Public Policy,3,3, ,0
0278-0380,ACCOUNT,Auditing: A Journal of Practice and Theory,2,2,AUDITING-J PRACT TH,0
0268-6902,ACCOUNT,Managerial Auditing Journal,1,1, ,0
0267-4424,ACCOUNT,Financial Accountability and Management,3,3, ,0
0165-4101,ACCOUNT,Journal of Accounting and Economics ,5,5,J ACCOUNT ECON,0
0155-9982,ACCOUNT,Accounting Forum,3,3, ,0
0148-558X,ACCOUNT,"Journal of Accounting, Auditing and Finance",3,3, ,0
0021-8456,ACCOUNT,Journal of Accounting Research ,5,5,J ACCOUNT RES,0
0020-7063,ACCOUNT,International Journal of Accounting,3,3, ,0
0007-1870,ACCOUNT,British Tax Review,2,2, ,0
0001-4826,ACCOUNT,Accounting Review ,5,5,ACCOUNT REV,0
0001-4788,ACCOUNT,Accounting and Business Research,3,3, ,0
0001-3072,ACCOUNT,Abacus,3,3,ABACUS,0
1744-9359,BUS HIST,Management and Organizational History,1,1, ,0
1467-2227,BUS HIST,Enterprise and Society,3,3,ENTERP SOC,0
1362-1572,BUS HIST,Historical Studies in Industrial Relations,1,0, ,0
1361-4916,BUS HIST,European Review of Economic History,1,0, ,0
1355-252X,BUS HIST,Journal of Management History,1,0, ,0
1032-3732,BUS HIST,Accounting History,2,2, ,0
0968-5650,BUS HIST,Financial History Review,2,2, ,0
0967-2567,BUS HIST,European Journal of the History of Economic Thought,2,0,EUR J HIST ECON THOU,0
0958-5206,BUS HIST,"Accounting, Business and Financial History",2,2, ,0
0148-4184,BUS HIST,Accounting Historians Journal,2,2, ,0
0023-656X,BUS HIST,Labor History,3,2,LABOR HIST,0
0022-5266,BUS HIST,Journal of Transport History,2,2, ,0
0007-6805,BUS HIST,Business History Review,3,3,BUS HIST REV,0
0007-6791,BUS HIST,Business History,4,4,BUS HIST,0
8756-6222,ECON,"Journal of Law, Economics and Organization",3,3,J LAW ECON ORGAN,1
1610-2878,ECON,Review of World Economics,2,2,REV WORLD ECON,1
1542-4766,ECON,Journal of the European Economic Association,4,3,J EUR ECON ASSOC,1
1463-6786,ECON,Manchester School,3,2,MANCH SCH,1
1463-1377,ECON,Post-Communist Economies,1,1,POST-COMMUNIST ECON,1
1386-4157,ECON,Experimental Economics,2,2,EXP ECON,1
1370-4788,ECON,Annals of Public and Cooperative Economics,2,2, ,1
1368-4221,ECON,Econometrics Journal,3,3,ECONOMET J,1
1365-1005,ECON,Macroeconomic Dynamics,2,2,MACROECON DYN,1
1364-985X,ECON,Australian Journal of Agricultural and Resource Economics,2,2,AUST J AGR RESOUR EC,1
1363-7029,ECON,Economic Issues,2,2, ,1
1357-1516,ECON,International Journal of the Economics of Business,3,3, ,1
1350-4851,ECON,Applied Economics Letters,1,1,APPL ECON LETT,1
1350-178X,ECON,Journal of Economic Methodology,2,2, ,1
1097-3923,ECON,Journal of Public Economic Theory,2,3, ,1
1094-2025,ECON,Review of Economic Dynamics,3,3,REV ECON DYNAM,1
1086-7376,ECON,Studies in Economics and Finance,1,1, ,1
1081-1826,ECON,Studies in Nonlinear Dynamics and Econometrics,2,2,STUD NONLINEAR DYN E,1
1080-8620,ECON,Real Estate Economics,2,2,REAL ESTATE ECON,1
1074-3529,ECON,Contemporary Economic Policy,2,2,CONTEMP ECON POLICY,1
1062-9769,ECON,Quarterly Review of Economics and Finance,2,2, ,1
1058-3300,ECON,Review of Financial Economics,1,1, ,1
1057-9230,ECON,Health Economics,2,2,HEALTH ECON,1
1051-1377,ECON,Journal of Housing Economics,1,1,J HOUS ECON,1
1043-8599,ECON,Economics of Innovation and New Technology,2,2, ,1
1024-2694,ECON,Defence and Peace Economics,2,2,DEFENCE PEACE ECON,1
1020-7635,ECON,IMF: Staff Papers,3,3,IMF STAFF PAPERS,1
0967-0750,ECON,"Economics of Transition, The",1,1,ECON TRANSIT,1
0965-7576,ECON,Review of International Economics,3,3, ,1
0963-8024,ECON,Journal of African Economies,2,2,J AFR ECON,1
0954-349X,ECON,Structural Change and Economic Dynamics,1,0, ,1
0954-1748,ECON,Journal of International Development,1,1, ,1
0953-8259,ECON,Review of Political Economy,1,1, ,1
0950-0804,ECON,Journal of Economic Surveys,2,2,J ECON SURV,1
0939-3625,ECON,Economic Systems,1,1, ,1
0938-2259,ECON,Economic Theory,3,3,ECON THEOR,1
0936-9937,ECON,Journal of Evolutionary Economics,2,2,J EVOL ECON,1
0933-1433,ECON,Journal of Population Economics,3,3,J POPUL ECON,1
0932-4569,ECON,Journal of Institutional and Theoretical Economics,2,2,J INST THEOR ECON,1
0928-7655,ECON,Resource and Energy Economics,2,2,RESOUR ENERGY ECON,1
0927-5371,ECON,Labour Economics,3,3,LABOUR ECON,1
0924-6460,ECON,Environmental and Resource Economics,2,2,ENVIRON RESOUR ECON,1
0923-7992,ECON,Open Economies Review,1,1,OPEN ECON REV,1
0922-680X,ECON,Journal of Regulatory Economics,2,2,J REGUL ECON,1
0921-8009,ECON,Ecological Economics,3,3,ECOL ECON,1
0899-8256,ECON,Games and Economic Behavior,4,4,GAME ECON BEHAV,1
0895-5646,ECON,Journal of Risk and Uncertainty,4,4,J RISK UNCERTAINTY,1
0895-3309,ECON,Journal of Economic Perspectives,4,4,J ECON PERSPECT,1
0889-938X,ECON,Review of Industrial Organization,2,2,REV IND ORGAN,1
0888-7233,ECON,Comparative Economic Studies,1,0, ,1
0883-7252,ECON,Journal of Applied Econometrics,3,3,J APPL ECONOM,1
0747-4938,ECON,Econometric Reviews,2,2,ECONOMET REV,1
0741-6261,ECON,RAND Journal of Economics,3,3,RAND J ECON,1
0735-0015,ECON,Journal of Business and Economic Statistics,3,4,J BUS ECON STAT,1
0734-306X,ECON,Journal of Labor Economics,3,3,J LABOR ECON,1
0378-5920,ECON,World Economy,2,2,WORLD ECON,1
0377-7332,ECON,Empirical Economics,2,2,EMPIR ECON,1
0347-0520,ECON,Scandinavian Journal of Economics,3,3,SCAND J ECON,1
0309-166X,ECON,Cambridge Journal of Economics,3,3,CAMB J ECON,1
0307-3378,ECON,Bulletin of Economic Research,2,2, ,1
0306-8293,ECON,International Journal of Social Economics,1,1, ,1
0305-9049,ECON,Oxford Bulletin of Economics and Statistics,3,3,OXFORD B ECON STAT,1
0304-4076,ECON,Journal of Econometrics,4,4,J ECONOMETRICS,1
0304-4068,ECON,Journal of Mathematical Economics,3,3,J MATH ECON,1
0304-3932,ECON,Journal of Monetary Economics,4,4,J MONETARY ECON,1
0304-3878,ECON,Journal of Development Economics,3,3,J DEV ECON,1
0277-5921,ECON,Contributions to Political Economy,2,0, ,1
0272-7757,ECON,Economics of Education Review,2,2,ECON EDUC REV,1
0269-2171,ECON,International Review of Applied Economics,2,2, ,1
0266-903X,ECON,Oxford Review of Economic Policy,2,2,OXFORD REV ECON POL,1
0266-4666,ECON,Econometric Theory,3,3,ECONOMET THEOR,1
0266-4658,ECON,Economic Policy,3,3,ECON POLICY,1
0266-2671,ECON,Economics and Philosophy,1,1,ECON PHILOS,1
0264-9993,ECON,Economic Modelling,2,2,ECON MODEL,1
0260-1079,ECON,Journal of Interdisciplinary Economics,1,1, ,1
0258-6770,ECON,World Bank Economic Review,3,3,WORLD BANK ECON REV,1
0257-3032,ECON,World Bank Research Observer,2,2,WORLD BANK RES OBSER,1
0176-2680,ECON,European Journal of Political Economy,2,2, ,1
0176-1714,ECON,Social Choice and Welfare,2,3,SOC CHOICE WELFARE,1
0169-5150,ECON,Agricultural Economics,2,2,AGR ECON-BLACKWELL,1
0167-7187,ECON,International Journal of Industrial Organization,3,4,INT J IND ORGAN,1
0167-6296,ECON,Journal of Health Economics,3,3,J HEALTH ECON,1
0167-6245,ECON,Information Economics and Policy,1,1,INF ECON POLICY,1
0167-2681,ECON,Journal of Economic Behavior and Organization,3,3,J ECON BEHAV ORGAN,1
0165-1889,ECON,Journal of Economic Dynamics and Control,3,3,J ECON DYN CONTROL,1
0165-1765,ECON,Economics Letters,3,3,ECON LETT,1
0165-1587,ECON,European Review of Agricultural Economics,2,2,EUR REV AGRIC ECON,1
0164-0704,ECON,Journal of Macroeconomics,2,2,J MACROECON,1
0160-3477,ECON,Journal of Post Keynesian Economics,2,2,J POST KEYNESIAN EC,1
0148-6195,ECON,Journal of Economics and Business,1,1, ,1
0147-5967,ECON,Journal of Comparative Economics,3,3,J COMP ECON,1
0144-8188,ECON,International Review of Law and Economics,2,2,INT REV LAW ECON,1
0144-3585,ECON,Journal of Economic Studies,2,2, ,1
0143-6570,ECON,Managerial and Decision Economics,2,2, ,1
0143-5671,ECON,Fiscal Studies,2,2,FISC STUD,1
0140-9883,ECON,Energy Economics,2,2,ENERG ECON,1
0095-2583,ECON,Economic Inquiry,3,3,ECON INQ,1
0095-0696,ECON,Journal of Environmental Economics and Management,4,4,J ENVIRON ECON MANAG,1
0094-1190,ECON,Journal of Urban Economics,3,3,J URBAN ECON,1
0048-5829,ECON,Public Choice,3,3,PUBLIC CHOICE,1
0047-2727,ECON,Journal of Public Economics,3,3,J PUBLIC ECON,1
0038-4038,ECON,Southern Economic Journal,3,3,SOUTH ECON J,1
0038-2280,ECON,South African Journal of Economics,1,1,S AFR J ECON,1
0036-9292,ECON,Scottish Journal of Political Economy,2,2,SCOT J POLIT ECON,1
0034-6586,ECON,Review of Income and Wealth,3,3,REV INCOME WEALTH,1
0034-6535,ECON,Review of Economics and Statistics,4,4,REV ECON STAT,1
0034-6527,ECON,Review of Economic Studies,4,4,REV ECON STUD,1
0033-5533,ECON,Quarterly Journal of Economics,4,4,Q J ECON,1
0030-7653,ECON,Oxford Economics Papers,3,3,OXFORD ECON PAP,1
0027-9501,ECON,National Institute Economic Review,2,2, ,1
0023-7639,ECON,Land Economics,3,3,LAND ECON,1
0023-5962,ECON,Kyklos,3,3,KYKLOS,1
0022-3808,ECON,Journal of Political Economy ,5,5,J POLIT ECON,1
0022-1996,ECON,Journal of International Economics,3,3,J INT ECON,1
0022-1821,ECON,Journal of Industrial Economics,3,3,J IND ECON,1
0022-166X,ECON,Journal of Human Resources,3,3,J HUM RESOUR,1
0022-0531,ECON,Journal of Economic Theory,4,4,J ECON THEORY,1
0022-0515,ECON,Journal of Economic Literature,4,4,J ECON LIT,1
0022-037X,ECON,Journal of Developing Areas,2,2, ,1
0021-857X,ECON,Journal of Agricultural Economics,3,2,J AGR ECON,1
0021-3624,ECON,Journal of Economic Issues,1,1,J ECON ISSUES,1
0020-6598,ECON,International Economic Review,4,4,INT ECON REV,1
0020-5346,ECON,Intereconomics,1,0, ,1
0018-2702,ECON,History of Political Economy,2,2,HIST POLIT ECON,1
0014-2921,ECON,European Economic Review,3,3,EUR ECON REV,1
0013-0451,ECON,Economics of Planning,1,1, ,1
0013-0427,ECON,Economica,3,3,ECONOMICA,1
0013-0249,ECON,Economic Record,2,2,ECON REC,1
0013-0133,ECON,Economic Journal,4,4,ECON J,1
0013-0079,ECON,Economic Development and Cultural Change,3,3,ECON DEV CULT CHANGE,1
0012-9682,ECON,Econometrica ,5,5,ECONOMETRICA,1
0008-4085,ECON,Canadian Journal of Economics,3,3,CAN J ECON,1
0007-2303,ECON,Brookings Papers on Economic Activity,3,3,BROOKINGS PAP ECO AC,1
0003-6846,ECON,Applied Economics,2,2,APPL ECON,1
0002-9092,ECON,American Journal of Agricultural Economics,3,3,AM J AGR ECON,1
0002-8282,ECON,American Economic Review ,5,5,AM ECON REV,1
1932-4391,ENT-SBM,Strategic Entrepreneurship Journal,3,0, ,0
1756-0573,ENT-SBM,"World Review of Entrepreneurship, Management and Sustainable Development",1,1, ,0
1750-8614,ENT-SBM,Social Enterprise,1,0, ,0
1570-7385,ENT-SBM,Journal of International Entrepreneurship,1,1, ,0
1554-7191,ENT-SBM,International Entrepreneurship and Management Journal,1,1, ,0
1465-7503,ENT-SBM,International Journal of Entrepreneurship and Innovation,2,2, ,0
1462-6004,ENT-SBM,Journal of Small Business and Enterprise Development,2,2, ,0
1369-1066,ENT-SBM,Venture Capital: An International Journal of Entrepreneurial Finance,2,2, ,0
1355-2554,ENT-SBM,International Journal of Entrepreneurial Behavior and Research,2,2, ,0
1042-2587,ENT-SBM,"Entrepreneurship, Theory and Practice",4,4,ENTREP THEORY PRACT,0
0971-3557,ENT-SBM,Journal of Entrepreneurship,1,1, ,0
0921-898X,ENT-SBM,Small Business Economics,3,3,SMALL BUS ECON,0
0898-5626,ENT-SBM,Entrepreneurship and Regional Development,3,3,ENTREP REGION DEV,0
0894-4865,ENT-SBM,Family Business Review,2,2, ,0
0883-9026,ENT-SBM,Journal of Business Venturing,4,4,J BUS VENTURING,0
0266-2426,ENT-SBM,International Small Business Journal,3,3,INT SMALL BUS J,0
0218-4958,ENT-SBM,Journal of Enterprising Culture,1,1, ,0
0047-2778,ENT-SBM,Journal of Small Business Management,3,3,J SMALL BUS MANAGE,0
1741-802X,ETH-GOV,International Journal of Business Governance and Ethics,1,0, ,0
1727-9232,ETH-GOV,Corporate Ownership and Control,1,0, ,0
1572-8439,ETH-GOV,Ethics and Information Technology,1,0, ,0
1535-3958,ETH-GOV,Corporate Social Responsibility and Environmental Management,1,1, ,0
1472-0701,ETH-GOV,Corporate Governance: The International Journal of Business in Society,1,1, ,0
1435-6104,ETH-GOV,Economics of Governance,1,0, ,0
1385-3457,ETH-GOV,Journal of Management and Governance,1,1, ,0
1363-3589,ETH-GOV,Corporate Reputation Review,1,1, ,0
1052-150X,ETH-GOV,Business Ethics Quarterly,3,3,BUS ETHICS Q,0
0964-8410,ETH-GOV,Corporate Governance: An International Review,3,3,CORP GOV,0
0962-8770,ETH-GOV,Business Ethics: A European Review,2,2, ,0
0952-1895,ETH-GOV,"Governance: An International Journal of Policy, Administration and Institutions",3,3,GOVERNANCE,0
0277-2027,ETH-GOV,Business and Professional Ethics,1,1, ,0
0263-323X,ETH-GOV,Journal of Law and Society,2,2,J LAW SOC,0
0167-4544,ETH-GOV,Journal of Business Ethics,3,3,J BUS ETHICS,0
0021-9460,ETH-GOV,Journal of Business Law,2,2, ,0
1810-4967,FINANCE,Investment Management and Financial Innovations,1,1, ,0
1614-2446,FINANCE,Annals of Finance,1,1, ,0
1572-3097,FINANCE,Review of Finance (formerly European Finance Review),3,3, ,0
1572-3089,FINANCE,Journal of Financial Stability,1,0, ,0
1526-5943,FINANCE,Journal of Risk Finance,1,1, ,0
1520-3255,FINANCE,Journal of Alternative Investments,1,1, ,0
1479-8409,FINANCE,Journal of Financial Econometrics,1,0, ,0
1475-1283,FINANCE,Journal of Finance and Management in Public Services,1,0, ,0
1474-7472,FINANCE,Journal of Pension Economics and Finance,1,1, ,0
1470-8272,FINANCE,Journal of Asset Management,2,2, ,0
1469-7688,FINANCE,Quantitative Finance,2,2,QUANT FINANC,0
1386-4181,FINANCE,Journal of Financial Markets,3,3,J FINANC MARK,0
1380-6645,FINANCE,Review of Derivatives Research,2,2, ,0
1358-1988,FINANCE,Journal of Financial Regulation and Compliance,1,1, ,0
1357-3217,FINANCE,British Actuarial Journal,1,0, ,0
1354-7798,FINANCE,European Financial Management,3,3,EUR FINANC MANAG,0
1351-847X,FINANCE,European Journal of Finance,3,3, ,0
1096-1879,FINANCE,Multinational Finance Journal,2,2, ,0
1092-0277,FINANCE,North American Actuarial Journal,1,0, ,0
1078-1196,FINANCE,Journal of Applied Corporate Finance,2,2, ,0
1076-9307,FINANCE,International Journal of Finance and Economics,2,2,INT J FINANC ECON,0
1074-1240,FINANCE,Journal of Derivatives,2,2, ,0
1059-8596,FINANCE,Journal of Fixed Income,1,1, ,0
1057-5219,FINANCE,International Review of Financial Analysis,3,3, ,0
1055-615X,FINANCE,"Intelligent Systems in Accounting, Finance and Management",2,2, ,0
1044-0283,FINANCE,Global Finance Journal,2,2, ,0
1042-9573,FINANCE,Journal of Financial Intermediation,3,3,J FINANC INTERMED,0
1042-444X,FINANCE,Journal of Multinational Financial Management,2,2, ,0
1042-4431,FINANCE,"Journal of International Financial Markets, Institutions and Money",3,3, ,0
1018-5895,FINANCE,Geneva Papers on Risk and Insurance: Issues and Practice,2,1,GENEVA PAP R I-ISS P,0
0972-6527,FINANCE,Journal of Emerging Market Finance,2,2, ,0
0963-8008,FINANCE,"Financial Markets, Institutions and Instruments",3,3, ,0
0960-3107,FINANCE,Applied Financial Economics,2,2, ,0
0960-1627,FINANCE,Mathematical Finance,3,3,MATH FINANC,0
0954-1314,FINANCE,Journal of International Financial Management and Accounting,2,2, ,0
0949-2984,FINANCE,Finance and Stochastics,3,3,FINANC STOCH,0
0929-1199,FINANCE,Journal of Corporate Finance,3,3,J CORP FINANC,0
0927-5940,FINANCE,International Tax and Public Finance,2,2,INT TAX PUBLIC FINAN,0
0927-5398,FINANCE,Journal of Empirical Finance,3,3, ,0
0927-538X,FINANCE,Pacific-Basin Finance Journal,2,2, ,0
0924-865X,FINANCE,Review of Quantitative Finance and Accounting,3,3, ,0
0920-8550,FINANCE,Journal of Financial Services Research,3,2, ,0
0895-5638,FINANCE,Journal of Real Estate Finance and Economics,2,2,J REAL ESTATE FINANC,0
0893-9454,FINANCE,Review of Financial Studies ,5,5,REV FINANC STUD,0
0800-3564,FINANCE,Financial Review,3,3, ,0
0515-0361,FINANCE,ASTIN Bulletin: Journal of International Actuarial Association,2,0,ASTIN BULL,0
0378-4371,FINANCE,Physica A: Statistical Mechanics and Its Applications,1,0,PHYSICA A,0
0378-4266,FINANCE,Journal of Banking and Finance,3,3,J BANK FINANC,0
0307-4358,FINANCE,Managerial Finance,1,1, ,0
0306-686X,FINANCE,Journal of Business Finance and Accounting,3,3,J BUS FINAN ACCOUNT,0
0304-405X,FINANCE,Journal of Financial Economics,4,4,J FINANC ECON,0
0275-5319,FINANCE,Research in International Business and Finance,2,2, ,0
0270-7314,FINANCE,Journal of Futures Markets,3,3,J FUTURES MARKETS,0
0270-2592,FINANCE,Journal of Financial Research,3,3, ,0
0261-5606,FINANCE,Journal of International Money and Finance,3,3,J INT MONEY FINANC,0
0219-0249,FINANCE,International Journal of Theoretical and Applied Finance,2,2, ,0
0167-6687,FINANCE,"Insurance, Mathematics and Economics",2,2,INSUR MATH ECON,0
0095-4918,FINANCE,Journal of Portfolio Management,2,2,J PORTFOLIO MANAGE,0
0046-3892,FINANCE,Financial Management (USA),3,3,FINANC MANAGE,0
0022-4367,FINANCE,Journal of Risk and Insurance,2,2,J RISK INSUR,0
0022-2879,FINANCE,"Journal of Money, Credit and Banking",4,3,J MONEY CREDIT BANK,0
0022-1090,FINANCE,Journal of Financial and Quantitative Analysis,4,4,J FINANC QUANT ANAL,0
0022-1082,FINANCE,Journal of Finance ,5,5,J FINANC,0
0015-198X,FINANCE,Financial Analysts Journal,3,3,FINANC ANAL J,0
1740-4754,GEN MAN,European Management Review,1,1, ,0
1649-248X,GEN MAN,Irish Journal of Management,1,0, ,0
1558-9080,GEN MAN,Academy of Management Perspectives,3,3,ACAD MANAGE PERSPECT,0
1532-9194,GEN MAN,MIT Sloan Management Review,3,3,MIT SLOAN MANAGE REV,0
1473-589X,GEN MAN,Philosophy of Management,1,0, ,0
1462-4621,GEN MAN,International Journal of Management and Decision Making,1,1, ,0
1460-8545,GEN MAN,International Journal of Management Reviews,3,3,INT J MANAG REV,0
1447-9524,GEN MAN,"International Journal of Knowledge, Culture and Change Management",1,0, ,0
1176-6093,GEN MAN,Qualitative Research in Accounting and Management,1,1, ,0
1056-4926,GEN MAN,Journal of Management Inquiry,3,3,J MANAGE INQUIRY,0
1045-3172,GEN MAN,British Journal of Management,4,4,BRIT J MANAGE,0
1024-5294,GEN MAN,Competition and Change,2,2, ,0
0956-5221,GEN MAN,Scandinavian Journal of Management,2,2, ,0
0955-808X,GEN MAN,European Business Journal,1,0, ,0
0955-534X,GEN MAN,European Business Review,2,2, ,0
0825-0383,GEN MAN,Canadian Journal of Administrative Sciences,2,2,CAN J ADM SCI,0
0813-0183,GEN MAN,International Journal of Management,1,0, ,0
0363-7425,GEN MAN,Academy of Management Review ,5,5,ACAD MANAGE REV,0
0306-3070,GEN MAN,Journal of General Management,2,2, ,0
0263-2373,GEN MAN,European Management Journal,2,1, ,0
0217-4561,GEN MAN,Asia Pacific Journal of Management,2,3, ,0
0149-2063,GEN MAN,Journal of Management,4,4,J MANAGE,0
0129-5977,GEN MAN,Singapore Management Review,1,2, ,0
0025-1747,GEN MAN,Management Decision,1,1, ,0
0022-2380,GEN MAN,Journal of Management Studies,4,4,J MANAGE STUD,0
0020-8825,GEN MAN,International Studies of Management and Organization,2,2, ,0
0020-8523,GEN MAN,International Review of Administrative Sciences,2,2,INT REV ADM SCI,0
0017-8012,GEN MAN,Harvard Business Review,4,3,HARVARD BUS REV,0
0008-1256,GEN MAN,California Management Review,3,3,CALIF MANAGE REV,0
0007-6813,GEN MAN,Business Horizons,1,1, ,0
0001-8392,GEN MAN,Administrative Science Quarterly ,5,5,ADMIN SCI QUART,0
0001-4273,GEN MAN,Academy of Management Journal ,5,5,ACAD MANAGE J,0
1534-4843,HRM&EMP,Human Resource Development Review,2,2, ,0
1367-8868,HRM&EMP,Human Resource Development International,2,2, ,0
1362-0436,HRM&EMP,Career Development International,1,1, ,0
1121-7081,HRM&EMP,Labour: Review of Labour Economics and Industrial Relations,1,1, ,0
1053-4822,HRM&EMP,Human Resource Management Review,2,2, ,0
1044-8004,HRM&EMP,Human Resource Development Quarterly,2,2, ,0
1039-6993,HRM&EMP,International Journal of Employment Studies,1,1, ,0
1038-4111,HRM&EMP,Asia Pacific Journal of Human Resources,2,2, ,0
1030-1763,HRM&EMP,Labor Studies Journal,2,2, ,0
0968-6673,HRM&EMP,"Gender, Work and Organization",3,3,GENDER WORK ORGAN,0
0964-9425,HRM&EMP,Gender in Management: An International Journal,1,0, ,0
0959-6801,HRM&EMP,European Journal of Industrial Relations,3,3,EUR J IND RELAT,0
0958-5192,HRM&EMP,International Journal of Human Resource Management,3,3,INT J HUM RESOUR MAN,0
0954-5395,HRM&EMP,Human Resource Management Journal(UK),3,3, ,0
0950-0170,HRM&EMP,"Work, Employment and Society",4,4,WORK EMPLOY SOC,0
0742-6186,HRM&EMP,Advances in Industrial and Labor Relations,1,0, ,0
0734-371X,HRM&EMP,Review of Public Personnel Administration,1,1, ,0
0730-8884,HRM&EMP,Work and Occupations,3,3,WORK OCCUPATION,0
0305-9332,HRM&EMP,Industrial Law Journal,3,3, ,0
0268-1072,HRM&EMP,"New Technology, Work and Employment",3,3,NEW TECH WORK EMPLOY,0
0261-0159,HRM&EMP,"Equality, Diversity and Inclusion: an International Journal",1,0, ,0
0195-3613,HRM&EMP,Journal of Labour Research,2,2,J LABOR RES,0
0143-831X,HRM&EMP,Economic and Industrial Democracy,3,3,ECON IND DEMOCRACY,0
0143-7720,HRM&EMP,International Journal of Manpower,2,2,INT J MANPOWER,0
0142-5455,HRM&EMP,Employee Relations,2,2, ,0
0090-4848,HRM&EMP,Human Resource Management (USA),4,4,HUM RESOUR MANAGE,0
0048-3486,HRM&EMP,Personnel Review,2,2,PERS REV,0
0038-0296,HRM&EMP,Sociologie du Travail,2,2,SOCIOL TRAV,0
0034-379X,HRM&EMP,Relations Industrielles/Industrial Relations,2,0,RELAT IND-IND RELAT,0
0022-1856,HRM&EMP,Journal of Industrial Relations,2,2, ,0
0020-7780,HRM&EMP,International Labour Review,3,2,INT LABOUR REV,0
0019-8692,HRM&EMP,Industrial Relations Journal,2,2, ,0
0019-8676,HRM&EMP,Industrial Relations: A Journal of Economy and Society,4,4,IND RELAT,0
0019-7939,HRM&EMP,Industrial and Labor Relations Review,3,3,IND LABOR RELAT REV,0
0007-1080,HRM&EMP,British Journal of Industrial Relations,4,4,BRIT J IND RELAT,0
1753-0896,IB&AREA,International Journal of Indian Culture and Business Management,1,1, ,0
1751-6757,IB&AREA,European Journal of International Management,1,1, ,0
1742-2043,IB&AREA,Critical Perspectives on International Business,1,1, ,0
1566-0141,IB&AREA,Emerging Markets Review,1,1, ,0
1525-383X,IB&AREA,Multinational Business Review,1,1, ,0
1476-5284,IB&AREA,Journal of Chinese Economic and Business Studies,1,1, ,0
1470-5958,IB&AREA,International Journal of Cross Cultural Management,1,1, ,0
1360-2381,IB&AREA,Asia Pacific Business Review,2,2, ,0
1352-7606,IB&AREA,Cross Cultural Management: An International Journal,1,1, ,0
1097-4954,IB&AREA,Global Business and Economics Review,1,1, ,0
1096-4762,IB&AREA,Thunderbird International Business Review,2,2, ,0
1090-9516,IB&AREA,Journal of World Business (formerly Columbia JWB),3,3,J WORLD BUS,0
1075-4253,IB&AREA,Journal of International Management,2,2, ,0
1066-9868,IB&AREA,Journal of East-West Business,1,1, ,0
1043-951X,IB&AREA,China Economic Review,2,2,CHINA ECON REV,0
1014-9562,IB&AREA,Transnational Corporations,2,2, ,0
1011-6702,IB&AREA,Journal of World Trade,2,2, ,0
0969-5931,IB&AREA,International Business Review,3,2,INT BUS REV,0
0966-8136,IB&AREA,Europe-Asia Studies,2,2,EUROPE-ASIA STUD,0
0949-6181,IB&AREA,Journal of East European Management Studies,1,1, ,0
0305-7410,IB&AREA,China Quarterly,2,2,CHINA QUART,0
0047-2506,IB&AREA,Journal of International Business Studies,4,4,J INT BUS STUD,0
0025-181X,IB&AREA,Management International Review,3,3, ,0
0021-9886,IB&AREA,Journal of Common Market Studies,3,3,JCMS-J COMMON MARK S,0
1741-5179,INFO MAN,International Journal of Information Technology and Management,1,0, ,0
1741-0398,INFO MAN,Journal of Enterprise Information Management,1,1, ,0
1546-2234,INFO MAN,Journal of Organizational and End User Computing,1,0, ,0
1536-9323,INFO MAN,Journal of the Association of Information Systems,3,3,J ASSOC INF SYST,0
1532-2882,INFO MAN,Journal of the American Society for Information Science and Technology (JASIST),3,0,J AM SOC INF SCI TEC,0
1529-3181,INFO MAN,Communications of the Association for Information Systems,2,2, ,0
1477-8238,INFO MAN,Knowledge Management Research and Practice,1,1, ,0
1471-7727,INFO MAN,Information and Organization,3,3, ,0
1387-3326,INFO MAN,Information Systems Frontiers,2,2,INFORM SYST FRONT,0
1368-1613,INFO MAN,Information Research,1,0,INFORM RES,0
1350-1917,INFO MAN,Information Systems Journal,3,3,INFORM SYST J,0
1094-6977,INFO MAN,IEEE Transactions on Systems Man and Cybernetics Part C (Applications and Reviews),1,0, ,0
1091-9856,INFO MAN,INFORMS Journal on Computing,3,3,INFORMS J COMPUT,0
1089-778X,INFO MAN,IEEE Transactions on Evolutionary Computation,1,0, ,0
1089-7771,INFO MAN,IEEE Transactions on Information Technology in Biomedicine,1,0,IEEE T INF TECHNOL B,0
1086-4415,INFO MAN,International Journal of Electronic Commerce,3,3,INT J ELECTRON COMM,0
1073-0516,INFO MAN,ACM Transactions on Computer-Human Interaction,3,3, ,0
1071-5819,INFO MAN,International Journal of Human-Computer Studies,3,3,INT J HUM-COMPUT ST,0
1066-2243,INFO MAN,Internet Research,2,2,INTERNET RES,0
1062-7375,INFO MAN,Journal of Global Information Management,2,2,J GLOB INF MANAG,0
1058-0530,INFO MAN,Information Systems Management,2,2,INFORM SYST MANAGE,0
1049-331X,INFO MAN,ACM Transactions on Software Engineering and Methodology,2,2,ACM T SOFTW ENG METH,0
1047-7047,INFO MAN,Information Systems Research ,5,5,INFORM SYST RES,0
1040-1628,INFO MAN,Information Resources Management Journal,1,1, ,0
0968-5227,INFO MAN,Information Management and Computer Security,1,1, ,0
0963-8687,INFO MAN,Journal of Strategic Information Systems,3,3,J STRATEGIC INF SYST,0
0960-085X,INFO MAN,European Journal of Information Systems,3,3,EUR J INFORM SYST,0
0959-3845,INFO MAN,Information Technology and People,2,2, ,0
0957-6053,INFO MAN,Logistics Information Management,1,1, ,0
0957-4174,INFO MAN,Expert Systems with Applications,3,3,EXPERT SYST APPL,0
0953-5438,INFO MAN,Interacting with Computers,2,2,INTERACT COMPUT,0
0950-5849,INFO MAN,Information and Software Technology,2,2,INFORM SOFTWARE TECH,0
0925-9724,INFO MAN,Computer Supported Cooperative Work,1,1, ,0
0887-4417,INFO MAN,Journal of Computer Information Systems,2,2, ,0
0742-1222,INFO MAN,Journal of Management Information Systems,3,3,J MANAGE INFORM SYST,0
0740-817X,INFO MAN,IIE Transactions,1,0,IIE TRANS,0
0378-7206,INFO MAN,Information and Management,3,3,INFORM MANAGE-AMSTER,0
0306-4573,INFO MAN,Information Processing and Management,3,3,INFORM PROCESS MANAG,0
0276-7783,INFO MAN,MIS Quarterly ,5,5,MIS QUART,0
0268-4012,INFO MAN,International Journal of Information Management,2,2,INT J INFORM MANAGE,0
0268-3962,INFO MAN,Journal of Information Technology,3,3,J INF TECHNOL,0
0266-4720,INFO MAN,Expert Systems: the Journal of Knowledge Engineering,2,2,EXPERT SYST,0
0263-5577,INFO MAN,Industrial Management and Data Systems,1,1,IND MANAGE DATA SYST,0
0197-2243,INFO MAN,Information Society,2,2,INFORM SOC,0
0167-9236,INFO MAN,Decision Support Systems,3,3,DECIS SUPPORT SYST,0
0165-5515,INFO MAN,Journal of Information Science,2,2,J INF SCI,0
0144-929X,INFO MAN,Behavior and Information Technology,2,2,BEHAV INFORM TECHNOL,0
0098-5589,INFO MAN,IEEE Transactions on Software Engineering,3,3,IEEE T SOFTWARE ENG,0
0095-0033,INFO MAN,Database,2,2, ,0
0066-4200,INFO MAN,Annual Review of Information Science and Technology,2,2,ANNU REV INFORM SCI,0
0010-4620,INFO MAN,Computer Journal,2,2,COMPUT J,0
0007-1013,INFO MAN,British Journal of Educational Technology,2,2,BRIT J EDUC TECHNOL,0
0001-0782,INFO MAN,Communications of the ACM,3,3,COMMUN ACM,0
1460-1060,INNOV,European Journal of Innovation Management,1,1, ,0
1368-275X,INNOV,International Journal of Entrepreneurship and Innovation Management (IJEIM),1,1, ,0
1366-2716,INNOV,Industry and Innovation,2,2, ,0
1363-9196,INNOV,International Journal of Innovation Management,2,2, ,0
0963-1690,INNOV,Creativity and Innovation Management,1,1, ,0
0892-9912,INNOV,Journal of Techology Transfer,1,0, ,0
0737-6782,INNOV,Journal of Product Innovation Management,4,4,J PROD INNOVAT MANAG,0
0166-4972,INNOV,Technovation,3,2,TECHNOVATION,0
0033-6807,INNOV,R and D Management,3,3,R&D MANAGE,0
1741-1432,MDEV&EDU,Educational Management Administration and Leadership,1,0, ,0
1537-260X,MDEV&EDU,"Academy of Management, Learning and Education",3,3,ACAD MANAG LEARN EDU,0
1523-4223,MDEV&EDU,Advances in Developing Human Resources,2,2, ,0
1472-8117,MDEV&EDU,International Journal of Management Education (IJME),1,1, ,0
1470-3297,MDEV&EDU,Innovations in Education and Teaching International,2,1,INNOV EDUC TEACH INT,0
1469-7874,MDEV&EDU,Active Learning in Higher Education,1,1, ,0
1366-5626,MDEV&EDU,Journal of Workplace Learning,1,1, ,0
1363-9080,MDEV&EDU,Journal of Education and Work,2,2, ,0
1363-6820,MDEV&EDU,Journal of Vocational Education and Training,1,1, ,0
1360-3736,MDEV&EDU,International Journal of Training and Development,1,1, ,0
1356-2517,MDEV&EDU,Teaching in Higher Education,2,1,TEACH HIGH EDUC,0
1350-5076,MDEV&EDU,Management Learning,3,3,MANAGE LEARN,0
1052-5629,MDEV&EDU,Journal of Management Education,2,2, ,0
0968-4883,MDEV&EDU,Quality Assurance in Education,1,0, ,0
0963-9284,MDEV&EDU,Accounting Education,2,2, ,0
0951-5224,MDEV&EDU,Higher Education Quarterly,2,2, ,0
0950-4222,MDEV&EDU,Industry and Higher Education,1,1, ,0
0748-5751,MDEV&EDU,Journal of Accounting Education,2,2, ,0
0739-3172,MDEV&EDU,Issues in Accounting Education,2,2, ,0
0309-877X,MDEV&EDU,Journal of Further and Higher Education,1,1, ,0
0309-0590,MDEV&EDU,Journal of European Industrial Training,1,1, ,0
0307-5079,MDEV&EDU,Studies in Higher Education,3,3,STUD HIGH EDUC,0
0306-9885,MDEV&EDU,British Journal of Guidance and Counselling,2,2,BRIT J GUID COUNS,0
0273-4753,MDEV&EDU,Journal of Marketing Education,2,2, ,0
0268-0939,MDEV&EDU,Journal of Education Policy,2,2,J EDUC POLICY,0
0262-1711,MDEV&EDU,Journal of Management Development,1,1, ,0
0141-1926,MDEV&EDU,British Educational Research Journal,3,3,BRIT EDUC RES J,0
0040-0912,MDEV&EDU,Education and Training,1,1, ,0
0022-1546,MDEV&EDU,Journal of Higher Education,2,2,J HIGH EDUC,0
1570-7156,MKT,Quantitative Marketing and Economics,2,1,QME-QUANT MARK ECON,0
1526-1794,MKT,Academy of Marketing Science Review,2,2, ,0
1479-103X,MKT,International Journal of Nonprofit and Voluntary Sector Marketing,1,0, ,0
1475-3928,MKT,Journal of Customer Behavior,1,1, ,0
1472-0817,MKT,Journal of Consumer Behavior,2,2, ,0
1470-7853,MKT,International Journal of Market Research,2,2,INT J MARKET RES,0
1470-6423,MKT,International Journal of Consumer Studies,1,1, ,0
1470-5931,MKT,Marketing Theory,2,2, ,0
1469-347X,MKT,Marketing Review,1,1, ,0
1363-0539,MKT,Journal of Financial Services Marketing,1,1, ,0
1356-3289,MKT,Corporate Communications: An International Journal,1,1, ,0
1352-7266,MKT,Journal of Marketing Communications,2,2, ,0
1352-2752,MKT,Qualitative Market Research: An International Journal,1,1, ,0
1350-231X,MKT,Journal of Brand Management,1,1, ,0
1320-1646,MKT,Australasian Marketing Journal,1,1, ,0
1094-9968,MKT,Journal of Interactive Marketing (formerly JDM),2,1,J INTERACT MARK,0
1069-031X,MKT,Journal of International Marketing,3,3,J INT MARKETING,0
1061-0421,MKT,Journal of Product and Brand Management,1,1, ,0
1051-712X,MKT,Journal of Business-to-Business Marketing,2,1,J BUS-BUS MARK,0
1049-6483,MKT,Journal of Euromarketing,1,1, ,0
1049-5142,MKT,Journal of Non-Profit and Public Sector Marketing,1,1, ,0
1025-3866,MKT,"Consumption, Markets and Culture",2,2, ,0
1019-6781,MKT,Electronic Markets,1,1, ,0
0969-6989,MKT,Journal of Retailing and Consumer Services,1,1, ,0
0967-3237,MKT,"Journal of Targeting, Measurement and Analysis for Marketing",1,1, ,0
0965-254X,MKT,Journal of Strategic Marketing,2,2, ,0
0959-3969,MKT,"International Review of Retail, Distribution and Consumer Research",1,1, ,0
0959-0552,MKT,International Journal of Retail and Distribution Management,1,1, ,0
0923-0645,MKT,Marketing Letters,3,3,MARKET LETT,0
0915-5524,MKT,Advances in Consumer Research,2,2, ,0
0887-6045,MKT,Journal of Services Marketing,2,3, ,0
0885-8624,MKT,Journal of Business and Industrial Marketing,2,2,J BUS IND MARK,0
0885-3134,MKT,Journal of Personal Selling and Sales Management,2,2, ,0
0790-7362,MKT,Irish Marketing Review,1,0, ,0
0742-6046,MKT,Psychology and Marketing,3,3,PSYCHOL MARKET,0
0736-3761,MKT,Journal of Consumer Marketing,1,1, ,0
0732-2399,MKT,Marketing Science ,5,5,MARKET SCI,0
0309-0566,MKT,European Journal of Marketing,3,3,EUR J MARKETING,0
0276-1467,MKT,Journal of Macromarketing,2,2, ,0
0267-257X,MKT,Journal of Marketing Management,3,3, ,0
0265-2323,MKT,International Journal of Bank Marketing,1,1, ,0
0265-1335,MKT,International Marketing Review,3,3,INT MARKET REV,0
0265-0487,MKT,International Journal of Advertising,2,2,INT J ADVERT,0
0263-4503,MKT,Marketing Intelligence and Planning,1,1, ,0
0167-8116,MKT,International Journal of Research in Marketing,3,3,INT J RES MARK,0
0148-2963,MKT,Journal of Business Research,3,3,J BUS RES,0
0093-5301,MKT,Journal of Consumer Research ,5,5,J CONSUM RES,0
0092-0703,MKT,Journal of the Academy of Marketing Science,3,4,J ACAD MARKET SCI,0
0091-3367,MKT,Journal of Advertising,3,3,J ADVERTISING,0
0022-4359,MKT,Journal of Retailing,4,4,J RETAILING,0
0022-2437,MKT,Journal of Marketing Research ,5,5,J MARKETING RES,0
0022-2429,MKT,Journal of Marketing ,5,5,J MARKETING,0
0021-8499,MKT,Journal of Advertising Research,3,3,J ADVERTISING RES,0
0019-8501,MKT,Industrial Marketing Management,3,3,IND MARKET MANAG,0
8756-9728,OPS&TECH,Project Management Journal,2,2, ,0
1741-9174,OPS&TECH,International Journal of Agile Systems and Management,1,1, ,0
1741-0401,OPS&TECH,International Journal of Productivity and Performance Management,1,1, ,0
1741-038X,OPS&TECH,Journal of Manufacturing Technology Management,2,2, ,0
1523-4614,OPS&TECH,Manufacturing and Service Operations Management,3,2,M&SOM-MANUF SERV OP,0
1523-2409,OPS&TECH,Journal of Supply Chain Management,1,1, ,0
1478-4092,OPS&TECH,Journal of Purchasing and Supply Management,2,2, ,0
1478-3363,OPS&TECH,Total Quality Management and Business Excellence,2,1,TOTAL QUAL MANAG BUS,0
1474-2748,OPS&TECH,International Journal of Technology Management and Sustainable Development,1,1, ,0
1463-7154,OPS&TECH,Business Process Management Journal,1,1, ,0
1463-5771,OPS&TECH,Benchmarking: An International Journal,1,1, ,0
1368-4892,OPS&TECH,International Journal of Business Performance Management,1,1, ,0
1367-5567,OPS&TECH,International Journal of Logistics: Research and Applications,2,2, ,0
1359-8546,OPS&TECH,Supply Chain Management: An International Journal,3,3,SUPPLY CHAIN MANAG,0
1094-6136,OPS&TECH,Journal of Scheduling,3,3,J SCHEDULING,0
1092-4604,OPS&TECH,Knowledge and Process Management,1,1, ,0
1059-1478,OPS&TECH,Production and Operations Management,3,3,PROD OPER MANAG,0
0969-7012,OPS&TECH,European Journal of Purchasing and Supply Management,1,0, ,0
0960-4529,OPS&TECH,Managing Service Quality,1,1, ,0
0960-0035,OPS&TECH,International Journal of Physical Distribution and Logistics Management,2,1, ,0
0957-6061,OPS&TECH,Integrated Manufacturing Systems,2,2, ,0
0957-4093,OPS&TECH,International Journal of Logistics Management,2,2, ,0
0954-4054,OPS&TECH,Proceedings of Institute of Mechanical Engineers Part B: Journal of Engineering Manufacture,1,0, ,0
0953-7287,OPS&TECH,Production Planning and Control,3,3,PROD PLAN CONTROL,0
0951-8320,OPS&TECH,Reliability Engineering and System Safety,3,3,RELIAB ENG SYST SAFE,0
0951-192X,OPS&TECH,International Journal of Computer Integrated Manufacturing,2,2,INT J COMPUT INTEG M,0
0925-5273,OPS&TECH,International Journal of Production Economics,3,3,INT J PROD ECON,0
0920-6299,OPS&TECH,International Journal of Flexible Manufacturing Systems,2,2,INT J FLEX MANUF SYS,0
0895-562X,OPS&TECH,Journal of Productivity Analysis,2,2,J PROD ANAL,0
0737-0024,OPS&TECH,Human-Computer Interaction,1,0, ,0
0735-3766,OPS&TECH,Journal of Business Logistics,2,2, ,0
0733-9364,OPS&TECH,Journal of Construction Engineering and Management,2,0, ,0
0360-8352,OPS&TECH,Computers and Industrial Engineering,2,2,COMPUT IND ENG,0
0272-6963,OPS&TECH,Journal of Operations Management,4,4,J OPER MANAG,0
0267-5730,OPS&TECH,International Journal of Technology Management,2,2,INT J TECHNOL MANAGE,0
0265-671X,OPS&TECH,International Journal of Quality and Reliability Management,2,0, ,0
0263-7863,OPS&TECH,International Journal of Project Management,2,2, ,0
0144-3577,OPS&TECH,International Journal of Operations and Production Management,3,3,INT J OPER PROD MAN,0
0020-7543,OPS&TECH,International Journal of Production Research,3,3,INT J PROD RES,0
0018-9391,OPS&TECH,IEEE Transactions on Engineering Management,3,3,IEEE T ENG MANAGE,0
1471-678X,OR&MANSCI,IMA Journal of Management Mathematics,2,2, ,0
1382-6905,OR&MANSCI,Journal of Combinatorial Optimization,1,0, ,0
1369-7412,OR&MANSCI,Journal of the Royal Statistical Society Series B (Methodology),4,4,J R STAT SOC B,0
1092-7026,OR&MANSCI,Systems Research and Behavioral Science,2,2,SYST RES BEHAV SCI,0
1083-4427,OR&MANSCI,"IEEE Transactions on Systems, Man and Cybernetics - Part A: Systems and Humans",2,0,IEEE T SYST MAN CY A,0
0969-6016,OR&MANSCI,International Transactions in Operational Research,2,2, ,0
0953-5543,OR&MANSCI,OR Insight,1,0, ,0
0926-2644,OR&MANSCI,Group Decision and Negotiation,3,3,GROUP DECIS NEGOT,0
0894-069X,OR&MANSCI,Naval Research Logistics,3,3,NAV RES LOG,0
0883-7066,OR&MANSCI,System Dynamics Review,2,2,SYST DYNAM REV,0
0377-2217,OR&MANSCI,European Journal of Operational Research,3,3,EUR J OPER RES,0
0364-765X,OR&MANSCI,Mathematics of Operations Research,3,3,MATH OPER RES,0
0305-0548,OR&MANSCI,Computers and Operations Research,2,2,COMPUT OPER RES,0
0305-0483,OR&MANSCI,Omega: The International Journal of Management Science,3,3,OMEGA-INT J MANAGE S,0
0277-6693,OR&MANSCI,Journal of Forecasting,3,3,J FORECASTING,0
0266-4763,OR&MANSCI,Journal of Applied Statistics,2,2,J APPL STAT,0
0254-5330,OR&MANSCI,Annals of Operations Research,2,2,ANN OPER RES,0
0171-6468,OR&MANSCI,OR Spectrum,3,3,OR SPECTRUM,0
0169-2070,OR&MANSCI,International Journal of Forecasting,3,3,INT J FORECASTING,0
0167-9961,OR&MANSCI,Systemica,1,0, ,0
0167-6377,OR&MANSCI,Operations Research Letters,2,2,OPER RES LETT,0
0162-1459,OR&MANSCI,Journal of the American Statistical Association,4,4,J AM STAT ASSOC,0
0160-5682,OR&MANSCI,Journal of the Operational Research Society,3,3,J OPER RES SOC,0
0092-2102,OR&MANSCI,Interfaces,2,0,INTERFACES,0
0040-5833,OR&MANSCI,Theory and Decision,2,2,THEOR DECIS,0
0036-8075,OR&MANSCI,Science,1,0, ,0
0035-9254,OR&MANSCI,Journal of the Royal Statistical Society Series C (Applied Statistics),2,2,J R STAT SOC C-APPL,0
0030-364X,OR&MANSCI,Operations Research ,5,5,OPER RES,0
0025-5610,OR&MANSCI,Mathematical Programming,3,3,MATH PROGRAM,0
0025-1909,OR&MANSCI,Management Science ,5,5,MANAGE SCI,0
0022-3239,OR&MANSCI,Journal of Optimization Theory and Applications,2,0,J OPTIMIZ THEORY APP,0
0021-9002,OR&MANSCI,Journal of Applied Probability,3,3,J APPL PROBAB,0
0011-7315,OR&MANSCI,Decision Sciences,3,3,DECISION SCI,0
1746-5648,ORG STUD,Qualitative Research in Organizations and Management,1,1, ,0
1742-7150,ORG STUD,Leadership,1,0, ,0
1552-6879,ORG STUD,Journal of Applied Behavioral Science,1,0, ,0
1532-5555,ORG STUD,Tamara: Journal of Critical Postmodern Organization Science,1,0, ,0
1521-3250,ORG STUD,Emergence: Journal in Complexity Management,1,1, ,0
1476-7503,ORG STUD,Action Research,1,1, ,0
1475-9551,ORG STUD,Culture and Organization,2,2, ,0
1474-2780,ORG STUD,Organisational and Social Dynamics,1,0, ,0
1473-2866,ORG STUD,Ephemera: Critical Dialogues on Organization,1,0, ,0
1368-4302,ORG STUD,Group Processes and Intergroup Relations,2,2,GROUP PROCESS INTERG,0
1367-3270,ORG STUD,Journal of Knowledge Management,2,2, ,0
1350-5084,ORG STUD,Organization,3,3,ORGANIZATION,0
1094-429X,ORG STUD,Systemic Practice and Action Research,2,2,SYST PRACT ACT RES,0
1094-4281,ORG STUD,Organizational Research Methods,3,4,ORGAN RES METHODS,0
1089-2699,ORG STUD,"Group Dynamics: Theory, Research and Practice",2,2,GROUP DYN-THEOR RES,0
1086-0266,ORG STUD,Organization and Environment,2,2,ORGAN ENVIRON,0
1059-6011,ORG STUD,Group and Organization Management,3,3,GROUP ORGAN MANAGE,0
1048-9843,ORG STUD,Leadership Quarterly,4,4,LEADERSHIP QUART,0
1047-7039,ORG STUD,Organization Science ,5,5,ORGAN SCI,0
0969-6474,ORG STUD,Learning Organization,1,1, ,0
0953-4814,ORG STUD,Journal of Organizational Change Management,2,2,J ORGAN CHANGE MANAG,0
0893-3189,ORG STUD,Management Communication Quarterly,2,2, ,0
0748-4526,ORG STUD,Negotiation Journal,2,1,NEGOTIATION J,0
0191-3085,ORG STUD,Research in Organizational Behavior,3,3,RES ORGAN BEHAV,0
0170-8406,ORG STUD,Organization Studies,4,4,ORGAN STUD,0
0160-8061,ORG STUD,Journal of Organizational Behavior Management,2,2,J ORGAN BEHAV MANAGE,0
0143-7739,ORG STUD,Leadership and Organizational Development,1,1, ,0
0090-2616,ORG STUD,Organizational Dynamics,3,3,ORGAN DYN,0
0018-7267,ORG STUD,Human Relations,4,4,HUM RELAT,0
1747-0218,PSYCH,Quarterly Journal of Experimental Psychology,4,0,Q J EXP PSYCHOL,0
1359-432X,PSYCH,European Journal of Work and Organizational Psychology,2,2,EUR J WORK ORGAN PSY,0
1076-8998,PSYCH,Journal of Occupational Health Psychology,3,2,J OCCUP HEALTH PSYCH,0
1076-898X,PSYCH,Journal of Experimental Psychology: Applied,4,0,J EXP PSYCHOL-APPL,0
1072-5245,PSYCH,International Journal of Stress Management,1,0, ,0
1072-0537,PSYCH,Journal of Constructivist Psychology,2,2,J CONSTR PSYCHOL,0
1057-7408,PSYCH,Journal of Consumer Psychology,4,3,J CONSUM PSYCHOL,0
1046-4964,PSYCH,Small Group Research,2,3,SMALL GR RES,0
0965-075X,PSYCH,International Journal of Selection and Assessment,3,3,INT J SELECT ASSESS,0
0963-1798,PSYCH,Journal of Occupational and Organizational Psychology,4,4,J OCCUP ORGAN PSYCH,0
0956-7976,PSYCH,Psychological Science,4,0,PSYCHOL SCI,0
0895-9285,PSYCH,Human Performance,3,3,HUM PERFORM,0
0894-3796,PSYCH,Journal of Organizational Behavior,4,4,J ORGAN BEHAV,0
0894-3257,PSYCH,Journal of Behavioral Decision Making,3,3,J BEHAV DECIS MAKING,0
0889-3268,PSYCH,Journal of Business and Psychology,2,2,J BUS PSYCHOL,0
0888-4080,PSYCH,Applied Cognitive Psychology,2,0,APPL COGNITIVE PSYCH,0
0886-1528,PSYCH,International Review of Industrial and Organizational Psychology,3,3, ,0
0749-5978,PSYCH,Organizational Behavior and Human Decision Processes,4,4,ORGAN BEHAV HUM DEC,0
0269-994X,PSYCH,Applied Psychology: An International Review,2,2,APPL PSYCHOL-INT REV,0
0268-3946,PSYCH,Journal of Managerial Psychology,1,1, ,0
0267-8373,PSYCH,Work and Stress,2,3,WORK STRESS,0
0191-8869,PSYCH,Personality and Individual Differences,3,3,PERS INDIV DIFFER,0
0167-4870,PSYCH,Journal of Economic Psychology,2,2,J ECON PSYCHOL,0
0146-1672,PSYCH,Personality and Social Psychology Bulletin,4,4,PERS SOC PSYCHOL B,0
0144-6665,PSYCH,British Journal of Social Psychology,3,4,BRIT J SOC PSYCHOL,0
0066-4308,PSYCH,Annual Review of Psychology,4,4,ANNU REV PSYCHOL,0
0046-2772,PSYCH,European Journal of Social Psychology,3,3,EUR J SOC PSYCHOL,0
0033-295X,PSYCH,Psychological Review,4,4,PSYCHOL REV,0
0033-2909,PSYCH,Psychological Bulletin,4,4,PSYCHOL BULL,0
0031-5826,PSYCH,Personnel Psychology,4,4,PERS PSYCHOL,0
0022-3514,PSYCH,Journal of Personality and Social Psychology,4,4,J PERS SOC PSYCHOL,0
0022-1031,PSYCH,Journal of Experimental Social Psychology,4,3,J EXP SOC PSYCHOL,0
0021-9029,PSYCH,Journal of Applied Social Psychology,2,2,J APPL SOC PSYCHOL,0
0021-9010,PSYCH,Journal of Applied Psychology,4,4,J APPL PSYCHOL,0
0018-7208,PSYCH,Human Factors: Journal of Human Factors and Ergonomics Society,3,0,HUM FACTORS,0
0014-0139,PSYCH,Ergonomics,3,0,ERGONOMICS,0
0007-1269,PSYCH,British Journal of Psychology,3,4,BRIT J PSYCHOL,0
0001-8791,PSYCH,Journal of Vocational Behavior,4,4,J VOCAT BEHAV,0
1741-5144,PUB SEC,  International Journal of Healthcare Technology and Management,1,0, ,0
1477-7266,PUB SEC,"Journal of Health, Organisation and Management",1,1, ,0
1472-3891,PUB SEC,Journal of Public Affairs,1,1, ,0
1471-9037,PUB SEC,Public Management Review,2,2,PUBLIC MANAG REV,0
1386-9620,PUB SEC,Health Care Management Science,1,1, ,0
1363-951X,PUB SEC,Policing: An International Journal of Police Strategies and Management,2,2,POLICING,0
1355-8190,PUB SEC,Journal of Health Services Research and Policy,1,1, ,0
1350-1763,PUB SEC,Journal of European Public Policy,3,3,J EUR PUBLIC POLICY,0
1053-1858,PUB SEC,Journal of Public Administration: Research and Theory,4,4,J PUBL ADM RES THEOR,0
0958-9287,PUB SEC,Journal of European Social Policy,3,3,J EUR SOC POLICY,0
0954-0962,PUB SEC,Public Money and Management,2,2,PUBLIC MONEY MANAGE,0
0952-6862,PUB SEC,International Journal of Health Care Quality Assurance,1,1, ,0
0952-0767,PUB SEC,Public Policy and Administration,2,2, ,0
0951-4848,PUB SEC,Health Services Management Research,1,1, ,0
0951-3558,PUB SEC,International Journal of Public Sector Management,2,2, ,0
0951-354X,PUB SEC,International Journal of Educational Management,1,1, ,0
0887-378X,PUB SEC,Milbank Quarterly,4,4,MILBANK Q,0
0743-9156,PUB SEC,Journal of Public Policy and Marketing,3,3,J PUBLIC POLICY MARK,0
0309-2402,PUB SEC,Journal of Advanced Nursing,1,0,J ADV NURS,0
0305-5736,PUB SEC,Policy and Politics,3,3,POLICY POLIT,0
0300-3930,PUB SEC,Local Government Studies,2,2,LOCAL GOV STUD,0
0271-2075,PUB SEC,Public Administration and Development,2,2,PUBLIC ADMIN DEVELOP,0
0263-774X,PUB SEC,Environment and Planning C: Government and Policy,3,3,ENVIRON PLANN C,0
0261-0183,PUB SEC,Critical Social Policy,2,0,CRIT SOC POLICY,0
0161-8938,PUB SEC,Journal of Policy Modelling,2,2,J POLICY MODEL,0
0144-5596,PUB SEC,Social Policy and Administration,3,3,SOC POLICY ADMIN,0
0144-2872,PUB SEC,Policy Studies,2,2, ,0
0095-3997,PUB SEC,Administration and Society,2,2,ADMIN SOC,0
0047-2794,PUB SEC,Journal of Social Policy,3,3,J SOC POLICY,0
0033-3352,PUB SEC,Public Administration Review,4,4,PUBLIC ADMIN REV,0
0033-3298,PUB SEC,Public Administration: An International Quarterly,3,3,PUBLIC ADMIN,0
0010-3802,PUB SEC,Community Development Journal,2,2, ,0
1757-5818,SECTOR,Journal of Service Management (formerly IJSIM),2,2,INT J SERV IND MANAG,0
1468-5833,SECTOR,British Medical Journal,1,0, ,0
1366-5545,SECTOR,Transportation Research Part E: Logistics and Transportation Review,3,3,TRANSPORT RES E-LOG,0
1361-9209,SECTOR,Transportation Research Part D: Transport and Environment,2,0,TRANSPORT RES D-TR E,0
1094-6705,SECTOR,Journal of Service Research,3,3,J SERV RES-US,0
1048-6682,SECTOR,Non-Profit Management and Leadership,1,1, ,0
0969-998X,SECTOR,"Engineering, Construction and Architectural Management",1,1, ,0
0967-070X,SECTOR,Transport Policy,2,0,TRANSPORT POLICY,0
0966-6923,SECTOR,Journal of Transport Geography,2,2,J TRANSP GEOGR,0
0965-8564,SECTOR,Transportation Research Part A: Policy and Practice,3,3,TRANSPORT RES A-POL,0
0961-3218,SECTOR,Building Research and Information,1,0, ,0
0961-0405,SECTOR,European Environment,1,0, ,0
0959-9916,SECTOR,Journal of Property Research,1,0, ,0
0957-8765,SECTOR,Voluntas: International Journal of Voluntary and Non-Profit Organization,2,2, ,0
0957-1787,SECTOR,Utilities Policy,1,0, ,0
0899-7640,SECTOR,Non-Profit and Voluntary Sector Quarterly,3,3,NONPROF VOLUNT SEC Q,0
0888-4773,SECTOR,Journal of Sport Management,2,1,J SPORT MANAGE,0
0742-597X,SECTOR,Journal of Management in Engineering,2,1,J MANAGE ENG,0
0738-1360,SECTOR,Marine Resource Economics,1,0, ,0
0364-152X,SECTOR,Environmental Management,1,0, ,0
0308-597X,SECTOR,Marine Policy,2,2,MAR POLICY,0
0308-5961,SECTOR,Telecommunications Policy,2,2,TELECOMMUN POLICY,0
0306-9192,SECTOR,Food Policy,2,2,FOOD POLICY,0
0301-4797,SECTOR,Journal of Environmental Management,2,2,J ENVIRON MANAGE,0
0301-4215,SECTOR,Energy Policy,2,0,ENERG POLICY,0
0264-2069,SECTOR,Service Industries Journal,2,2,SERV IND J,0
0260-4779,SECTOR,Museum Management and Curatorship,2,2, ,0
0195-6574,SECTOR,Energy Journal,3,3,ENERG J,0
0191-2615,SECTOR,Transportation Research Part B: Methodological,4,4,TRANSPORT RES B-METH,0
0144-6193,SECTOR,Construction Management and Economics,2,2, ,0
0144-1647,SECTOR,Transport Reviews,2,1,TRANSPORT REV,0
0049-4488,SECTOR,Transportation,2,2,TRANSPORTATION,0
0041-1655,SECTOR,Transportation Science,3,3,TRANSPORT SCI,0
0041-0020,SECTOR,Town Planning Review,3,3, ,0
0040-5000,SECTOR,Journal of Textile Institute,1,0, ,0
0026-1386,SECTOR,Metroeconomica,1,0, ,0
0022-5258,SECTOR,Journal of Transport Economics and Policy,2,2,J TRANSP ECON POLICY,0
0007-070X,SECTOR,British Food Journal,1,1, ,0
1746-5680,SOC SCI,Society and Business Review,2,2, ,0
1475-1461,SOC SCI,Socio-Economic Review,2,2, ,0
1468-2702,SOC SCI,Journal of Economic Geography,4,4,J ECON GEOGR,0
1369-118X,SOC SCI,"Information, Communication and Society",1,1, ,0
1366-9877,SOC SCI,Journal of Risk Research,2,2,J RISK RES,0
1356-3890,SOC SCI,Evaluation,2,2, ,0
1356-3467,SOC SCI,New Political Economy,2,2,NEW POLIT ECON,0
1354-5701,SOC SCI,Feminist Economics,3,3,FEM ECON,0
1095-9262,SOC SCI,International Journal of Sociology of Law,1,0, ,0
1088-1980,SOC SCI,Journal of Industrial Ecology,2,2, ,0
0969-7764,SOC SCI,European Urban and Regional Studies,3,3,EUR URBAN REG STUD,0
0969-2290,SOC SCI,Review of International Political Economy,3,3,REV INT POLIT ECON,0
0965-4313,SOC SCI,European Planning Studies,2,2,EUR PLAN STUD,0
0964-1998,SOC SCI,Journal of the Royal Statistical Society Series A (Statistics in Society),3,3,J R STAT SOC A STAT,0
0961-463X,SOC SCI,Time and Society,2,2,TIME SOC,0
0960-6491,SOC SCI,Industrial and Corporate Change,3,3,IND CORP CHANGE,0
0958-2029,SOC SCI,Research Evaluation,1,0,RES EVALUAT,0
0810-9028,SOC SCI,Prometheus,2,2, ,0
0743-0167,SOC SCI,Journal of Rural Studies,3,4,J RURAL STUD,0
0733-558X,SOC SCI,Research in the Sociology of Organizations,2,3, ,0
0570-1864,SOC SCI,Annals of Regional Science,2,2,ANN REGIONAL SCI,0
0391-5115,SOC SCI,Journal of European Economic History,2,2, ,0
0360-0572,SOC SCI,Annual Review of Sociology,4,4,ANNU REV SOCIOL,0
0309-8168,SOC SCI,Capital and Class,2,2, ,0
0309-1317,SOC SCI,International Journal of Urban and Regional Research,2,0,INT J URBAN REGIONAL,0
0308-518X,SOC SCI,Environment and Planning A,4,4,ENVIRON PLANN A,0
0308-5147,SOC SCI,Economy and Society,3,3,ECON SOC,0
0305-750X,SOC SCI,World Development,3,3,WORLD DEV,0
0302-3427,SOC SCI,Science and Public Policy,2,2, ,0
0277-9536,SOC SCI,Social Science and Medicine,4,4,SOC SCI MED,0
0272-4332,SOC SCI,Risk Analysis: An International Journal,4,4,RISK ANAL,0
0269-0942,SOC SCI,Local Economy,2,2, ,0
0263-7758,SOC SCI,Environment and Planning D: Society and Space,4,4,ENVIRON PLANN D,0
0263-2764,SOC SCI,Theory Culture and Society,3,3,THEOR CULT SOC,0
0166-0462,SOC SCI,Regional Science and Urban Economics,3,3,REG SCI URBAN ECON,0
0144-333X,SOC SCI,International Journal of Sociology and Social Policy,1,1, ,0
0141-9889,SOC SCI,Sociology of Health and Illness,4,0,SOCIOL HEALTH ILL,0
0081-1750,SOC SCI,Sociological Methodology,2,3,SOCIOL METHODOL,0
0048-7333,SOC SCI,Research Policy,4,4,RES POLICY,0
0042-0980,SOC SCI,Urban Studies,3,3,URBAN STUD,0
0040-1625,SOC SCI,Technological Forecasting and Social Change,3,3,TECHNOL FORECAST SOC,0
0038-0385,SOC SCI,Sociology,3,3,SOCIOLOGY,0
0038-0261,SOC SCI,Sociological Review,3,3,SOCIOL REV,0
0034-6764,SOC SCI,Review of Social Economy,2,2, ,0
0034-3404,SOC SCI,Regional Studies,3,4,REG STUD,0
0032-3217,SOC SCI,Political Studies,2,2,POLIT STUD-LONDON,0
0032-3179,SOC SCI,Political Quarterly,2,2,POLIT QUART,0
0031-2290,SOC SCI,Parliamentary Affairs,2,2,PARLIAMENT AFF,0
0022-4146,SOC SCI,Journal of Regional Science,3,3,J REGIONAL SCI,0
0022-2186,SOC SCI,Journal of Law and Economics,3,4,J LAW ECON,0
0022-0507,SOC SCI,Journal of Economic History,3,3,J ECON HIST,0
0022-0388,SOC SCI,Journal of Development Studies,3,3,J DEV STUD,0
0018-7259,SOC SCI,Human Organization,2,2,HUM ORGAN,0
0016-3287,SOC SCI,Futures,2,2,FUTURES,0
0014-4983,SOC SCI,Explorations in Economic History,3,3,EXPLOR ECON HIST,0
0013-0117,SOC SCI,Economic History Review,4,4,ECON HIST REV,0
0013-0095,SOC SCI,Economic Geography,4,4,ECON GEOGR,0
0007-1315,SOC SCI,British Journal of Sociology,3,3,BRIT J SOCIOL,0
0003-1224,SOC SCI,American Sociological Review,4,4,AM SOCIOL REV,0
0002-9602,SOC SCI,American Journal of Sociology,4,4,AM J SOCIOL,0
0002-9246,SOC SCI,American Journal of Economics and Sociology,2,2,AM J ECON SOCIOL,0
1476-1270,STRAT,Strategic Organization,2,2, ,0
1469-7017,STRAT,Journal of Change Management,1,0, ,0
1463-6689,STRAT,Foresight,1,1, ,0
1086-1718,STRAT,Strategic Change,2,2, ,0
1058-6407,STRAT,Journal of Economics and Management Strategy,3,3,J ECON MANAGE STRAT,0
0964-4733,STRAT,Business Strategy and the Environment,2,2, ,0
0955-6419,STRAT,Business Strategy Review,1,1, ,0
0953-7325,STRAT,Technology Analysis and Strategic Management,2,2,TECHNOL ANAL STRATEG,0
0742-3322,STRAT,Advances in Strategic Management,3,3,ADV STRATEG MANAGE,0
0143-2095,STRAT,Strategic Management Journal,4,4,STRATEGIC MANAGE J,0
0024-6301,STRAT,Long Range Planning,3,3,LONG RANGE PLANN,0
1479-053X,TOUR-HOSP,Tourism and Hospitality: Planning and Development,2,2, ,0
1473-8376,TOUR-HOSP,"Journal of Hospitality, Leisure, Sport and Tourism Education",1,1, ,0
1468-7976,TOUR-HOSP,Tourist Studies,2,2, ,0
1461-6688,TOUR-HOSP,Tourism Geographies,2,2, ,0
1447-6770,TOUR-HOSP,Journal of Hospitality and Tourism Management,1,0, ,0
1368-3500,TOUR-HOSP,Current Issues in Tourism,2,2, ,0
1360-6719,TOUR-HOSP,Managing Leisure: An International Journal,1,1, ,0
1356-7667,TOUR-HOSP,Journal of Vacation Marketing,1,1, ,0
1354-8166,TOUR-HOSP,Tourism Economics,2,2, ,0
1352-7258,TOUR-HOSP,International Journal of Heritage Studies,1,1, ,0
1099-2340,TOUR-HOSP,International Journal of Tourism Research,2,2, ,0
1096-3480,TOUR-HOSP,Journal of Hospitality and Tourism Research,2,2, ,0
1083-5423,TOUR-HOSP,Tourism Analysis,2,2, ,0
1054-8408,TOUR-HOSP,Journal of Travel and Tourism Marketing,1,1, ,0
0966-9582,TOUR-HOSP,Journal of Sustainable Tourism,1,1, ,0
0959-6119,TOUR-HOSP,International Journal of Contemporary Hospitality Management,2,2, ,0
0278-4319,TOUR-HOSP,International Journal of Hospitality Management,2,2, ,0
0263-2772,TOUR-HOSP,Facilities,1,0, ,0
0261-5177,TOUR-HOSP,Tourism Management,4,3,TOURISM MANAGE,0
0261-4367,TOUR-HOSP,Leisure Studies,2,2, ,0
0250-8281,TOUR-HOSP,Tourism Recreation Research,1,0, ,0
0160-7383,TOUR-HOSP,Annals of Tourism Research,4,4,ANN TOURISM RES,0
0047-2875,TOUR-HOSP,Journal of Travel Research,3,3, ,0
0010-8804,TOUR-HOSP,Cornell Hotel and Restaurant Administration Quarterly,1,2, ,0
